,Currency,10-Jan-22
1,EUR,1.1318
3,GBP,1.35835
4,USD,1
6,AUD/NZD,0.7193
10,CAD,1.2679
33,SEK,9.0935
34,CHF,0.92195
